{
  "feature": {
    "type": "minecraft:random_patch",
    "config": {
      "feature": {
        "feature": {
          "type": "minecraft:block_column",
          "config": {
            "allowed_placement": {
              "type": "minecraft:true"
            },
            "direction": "up",
            "layers": [
              {
                "height": 1,
                "provider": {
                  "type": "minecraft:dual_noise_provider",
                  "noise": {
                    "amplitudes": [
                      0.25,
                      1.25
                    ],
                    "firstOctave": -3
                  },
                  "scale": 1,
                  "seed": 0,
                  "slow_noise": {
                    "amplitudes": [
                      1,
                      1
                    ],
                    "firstOctave": -4
                  },
                  "slow_scale": 1,
                  "states": [
                    {
                      "Name": "minecraft:dead_bush"
                    }
                  ],
                  "variety": {
                    "min_inclusive": 1,
                    "max_inclusive": 8
                  }
                }
              }
            ],
            "prioritize_tip": false
          }
        },
        "placement": [
          {
            "type": "minecraft:block_predicate_filter",
            "predicate": {
              "type": "minecraft:all_of",
              "predicates": [
                {
                  "type": "minecraft:not",
                  "predicate": {
                    "type": "minecraft:matching_blocks",
                    "blocks": [
                      "minecraft:stone",
                      "minecraft:deepslate",
                      "minecraft:granite",
                      "minecraft:andesite",
                      "minecraft:diorite"
                    ],
                    "offset": [
                      0,
                      -1,
                      0
                    ]
                  }
                },
                {
                  "type": "minecraft:matching_blocks",
                  "blocks": [
                    "minecraft:air",
                    "minecraft:cave_air"
                  ],
                  "offset": [
                    0,
                    0,
                    0
                  ]
                },
                {
                  "type": "minecraft:any_of",
                  "predicates": [
                    {
                      "type": "minecraft:would_survive",
                      "state": {
                        "Name": "minecraft:dead_bush"
                      }
                    },
                    {
                      "type": "minecraft:matching_blocks",
                      "blocks": [
                        "minecraft:rooted_dirt",
                        "minecraft:gravel",
                        "minecraft:coarse_dirt"
                      ],
                      "offset": [
                        0,
                        -1,
                        0
                      ]
                    }
                  ]
                }
              ]
            }
          }
        ]
      },
      "tries": 3,
      "xz_spread": 4,
      "y_spread": 3
    }
  },
  "placement": [
    {
      "type": "minecraft:count_on_every_layer",
      "count": {
        "type": "minecraft:uniform",
        "value": {
          "min_inclusive": 3,
          "max_inclusive": 4
        }
      }
    },
    {
      "type": "minecraft:biome"
    }
  ]
}