{
    "pools": [
        {
            "rolls": {
                "min": 3,
                "max": 4
            },
            "entries": [
                {
                    "type": "minecraft:item",
                    "weight": 17,
                    "name": "minecraft:disc_fragment_5",
                    "functions": [
                        {
                            "function": "minecraft:set_count",
                            "count": {
                                "min": 1,
                                "max": 2
                            }
                        }
                    ]
                },
                {
                    "type": "minecraft:item",
                    "weight": 100,
                    "name": "minecraft:amethyst_shard",
                    "functions": [
                        {
                            "function": "minecraft:set_count",
                            "count": {
                                "min": 2,
                                "max": 10
                            }
                        }
                    ]
                },
                {
                    "type": "minecraft:item",
                    "weight": 40,
                    "name": "minecraft:sculk",
                    "functions": [
                        {
                            "function": "minecraft:set_count",
                            "count": {
                                "min": 1,
                                "max": 4
                            }
                        }
                    ]
                },
                {
                    "type": "minecraft:item",
                    "weight": 10,
                    "name": "minecraft:recovery_compass"
                },
                {
                    "type": "minecraft:item",
                    "weight": 100,
                    "name": "minecraft:book",
                    "functions": [
                        {
                            "function": "minecraft:enchant_with_levels",
                            "levels": {
                                "min": 1,
                                "max": 30
                            },
                            "treasure": true,
                            "conditions": [
                                {
                                    "condition": "minecraft:random_chance",
                                    "chance": 0.6
                                }
                            ]
                        }
                    ]
                },
                {
                    "type": "minecraft:item",
                    "weight": 30,
                    "name": "minecraft:sculk_sensor"
                },
                {
                    "type": "minecraft:item",
                    "weight": 50,
                    "name": "minecraft:redstone_lamp"
                },
                {
                    "type": "minecraft:item",
                    "weight": 50,
                    "name": "minecraft:diamond",
                    "functions": [
                        {
                            "function": "minecraft:set_count",
                            "count": {
                                "min": 1,
                                "max": 2
                            }
                        }
                    ]
                },
                {
                    "type": "minecraft:item",
                    "weight": 80,
                    "name": "minecraft:experience_bottle",
                    "functions": [
                        {
                            "function": "minecraft:set_count",
                            "count": {
                                "min": 1,
                                "max": 4
                            }
                        }
                    ]
                },
                {
                    "type": "minecraft:item",
                    "weight": 10,
                    "name": "minecraft:sculk_catalyst"
                },
                {
                    "type": "minecraft:item",
                    "weight": 40,
                    "name": "minecraft:golden_apple"
                },
                {
                    "type": "minecraft:item",
                    "weight": 5,
                    "name": "minecraft:enchanted_golden_apple"
                },
                {
                    "type": "minecraft:item",
                    "weight": 20,
                    "name": "minecraft:splash_potion",
                    "functions": [
                        {
                            "function": "minecraft:set_nbt",
                            "tag": "{CustomPotionColor:2633262,display:{Name:'[{\"text\":\"Splash Potion of Darkness\",\"italic\":false,\"color\":\"dark_gray\"}]'},custom_potion_effects:[{id:\"minecraft:darkness\",duration:400}]}"
                        }
                    ]
                },
                {
                    "type": "minecraft:item",
                    "weight": 50,
                    "name": "minecraft:ward_armor_trim_smithing_template",
                    "functions": [
                        {
                            "function": "minecraft:set_count",
                            "count": {
                                "min": 1,
                                "max": 2
                            }
                        }
                    ]
                },
                {
                    "type": "minecraft:item",
                    "weight": 5,
                    "name": "minecraft:silence_armor_trim_smithing_template",
                    "functions": [
                        {
                            "function": "minecraft:set_count",
                            "count": {
                                "min": 1,
                                "max": 2
                            }
                        }
                    ]
                }
            ]
        },
        {
            "rolls": 1,
            "entries": [
                {
                    "type": "minecraft:loot_table",
                    "name": "structory_towers:basic/dark_basic"
                }
            ]
        }
    ]
}