{
    "pools": [
        {
            "rolls": 1,
            "entries": [
                {
                    "type": "minecraft:item",
                    "weight": 600,
                    "name": "minecraft:potion",
                    "functions": [
                        {
                            "function": "minecraft:set_potion",
                            "id": "minecraft:strong_regeneration"
                        }
                    ]
                },
                {
                    "type": "minecraft:item",
                    "weight": 600,
                    "name": "minecraft:potion",
                    "functions": [
                        {
                            "function": "minecraft:set_potion",
                            "id": "minecraft:long_regeneration"
                        }
                    ]
                },
                {
                    "type": "minecraft:item",
                    "weight": 800,
                    "name": "minecraft:potion",
                    "functions": [
                        {
                            "function": "minecraft:set_potion",
                            "id": "minecraft:regeneration"
                        }
                    ]
                },
                {
                    "type": "minecraft:item",
                    "weight": 1,
                    "name": "minecraft:potion",
                    "functions": [
                        {
                            "function": "minecraft:set_name",
                            "entity": "this",
                            "name": {
                                "text": "Death Potion",
                                "color": "#b20306",
                                "italic": false
                            }
                        },
                        {
                            "function": "minecraft:set_lore",
                            "lore": [
                                {
                                    "text": "Make your choice, adventurous stranger",
                                    "color": "red"
                                },
                                {
                                    "text": "Drink the brew, and bide the danger,",
                                    "color": "red"
                                },
                                {
                                    "text": "Or wonder till it drives you mad;",
                                    "color": "red"
                                },
                                {
                                    "text": "What would have happened if you had?",
                                    "color": "red"
                                }
                            ]
                        },
                        {
                            "function": "minecraft:set_nbt",
                            "tag": "{CustomPotionColor:1517120,HideFlags:32,Potion:\"minecraft:water\",CustomPotionEffects:[{Id:7,Amplifier:1},{Id:7,Amplifier:28},{Id:33,Amplifier:1,Duration:2147483647},{Id:14,Amplifier:1,Duration:2147483647},{Id:2,Amplifier:9,Duration:2147483647},{Id:4,Amplifier:9,Duration:2147483647},{Id:9,Duration:2147483647},{Id:15,Duration:2147483647},{Id:17,Amplifier:19,Duration:2147483647},{Id:18,Amplifier:9,Duration:2147483647},{Id:19,Amplifier:2,Duration:2147483647},{Id:20,Amplifier:4,Duration:2147483647},{Id:24,Duration:2147483647},{Id:25,Amplifier:49,Duration:2147483647},{Id:27,Amplifier:99,Duration:2147483647},{Id:31,Amplifier:5,Duration:1200}],custom_potion_effects:[{id:\"minecraft:instant_damage\",amplifier:1},{id:\"minecraft:darkness\",amplifier:1,duration:2147483647},{id:\"minecraft:invisibility\",amplifier:1,duration:2147483647},{id:\"minecraft:slowness\",amplifier:9,duration:2147483647},{id:\"minecraft:mining_fatigue\",amplifier:9,duration:2147483647},{id:\"minecraft:nausea\",duration:2147483647},{id:\"minecraft:blindness\",duration:2147483647},{id:\"minecraft:hunger\",amplifier:19,duration:2147483647},{id:\"minecraft:weakness\",amplifier:9,duration:2147483647},{id:\"minecraft:poison\",amplifier:2,duration:2147483647},{id:\"minecraft:wither\",amplifier:4,duration:2147483647},{id:\"minecraft:glowing\",duration:2147483647},{id:\"minecraft:levitation\",amplifier:49,duration:2147483647},{id:\"minecraft:unluck\",amplifier:99,duration:2147483647},{id:\"minecraft:bad_omen\",amplifier:5,duration:1200}],display:{Name:'[{\"text\":\"Death Potion\",\"italic\":false,\"color\":\"dark_red\"}]'}}\n\n"
                        }
                    ]
                },
                {
                    "type": "minecraft:item",
                    "weight": 15,
                    "name": "minecraft:splash_potion",
                    "functions": [
                        {
                            "function": "minecraft:set_nbt",
                            "tag": "{CustomPotionColor:16514882,HideFlags:32,Potion:\"minecraft:water\",CustomPotionEffects:[{Id:24,Duration:100000000}],custom_potion_effects:[{id:\"minecraft:glowing\",duration:100000000}],display:{Lore:['[{\"text\":\"Glowing (∞)\",\"italic\":false,\"color\":\"red\"}]'],Name:'[{\"text\":\"Splash Potion of Eternal Glowing\",\"italic\":false}]'}}"
                        }
                    ]
                },
                {
                    "type": "minecraft:item",
                    "weight": 500,
                    "name": "minecraft:potion",
                    "functions": [
                        {
                            "function": "minecraft:set_nbt",
                            "tag": "{Potion:\"minecraft:water\",CustomPotionColor:424462,CustomPotionEffects:[{Id:31,Duration:1200}],custom_potion_effects:[{id:\"minecraft:bad_omen\",duration:1200}],display:{Name:'[{\"text\":\"Potion of Bad Omen\",\"italic\":false}]'}}"
                        }
                    ]
                },
                {
                    "type": "minecraft:item",
                    "weight": 700,
                    "name": "minecraft:splash_potion",
                    "functions": [
                        {
                            "function": "minecraft:set_nbt",
                            "tag": "{Potion:\"minecraft:strong_harming\"}"
                        }
                    ]
                },
                {
                    "type": "minecraft:item",
                    "weight": 1000,
                    "name": "minecraft:splash_potion",
                    "functions": [
                        {
                            "function": "minecraft:set_nbt",
                            "tag": "{Potion:\"minecraft:harming\"}"
                        }
                    ]
                },
                {
                    "type": "minecraft:item",
                    "weight": 700,
                    "name": "minecraft:splash_potion",
                    "functions": [
                        {
                            "function": "minecraft:set_nbt",
                            "tag": "{Potion:\"minecraft:long_poison\"}"
                        }
                    ]
                },
                {
                    "type": "minecraft:item",
                    "weight": 700,
                    "name": "minecraft:splash_potion",
                    "functions": [
                        {
                            "function": "minecraft:set_nbt",
                            "tag": "{Potion:\"minecraft:strong_poison\"}"
                        }
                    ]
                },
                {
                    "type": "minecraft:item",
                    "weight": 1000,
                    "name": "minecraft:splash_potion",
                    "functions": [
                        {
                            "function": "minecraft:set_nbt",
                            "tag": "{Potion:\"minecraft:poison\"}"
                        }
                    ]
                },
                {
                    "type": "minecraft:item",
                    "weight": 700,
                    "name": "minecraft:splash_potion",
                    "functions": [
                        {
                            "function": "minecraft:set_nbt",
                            "tag": "{Potion:\"minecraft:long_weakness\"}"
                        }
                    ]
                },
                {
                    "type": "minecraft:item",
                    "weight": 1000,
                    "name": "minecraft:splash_potion",
                    "functions": [
                        {
                            "function": "minecraft:set_nbt",
                            "tag": "{Potion:\"minecraft:weakness\"}"
                        }
                    ]
                },
                {
                    "type": "minecraft:item",
                    "weight": 700,
                    "name": "minecraft:splash_potion",
                    "functions": [
                        {
                            "function": "minecraft:set_nbt",
                            "tag": "{Potion:\"minecraft:long_slowness\"}"
                        }
                    ]
                },
                {
                    "type": "minecraft:item",
                    "weight": 700,
                    "name": "minecraft:splash_potion",
                    "functions": [
                        {
                            "function": "minecraft:set_nbt",
                            "tag": "{Potion:\"minecraft:strong_slowness\"}"
                        }
                    ]
                },
                {
                    "type": "minecraft:item",
                    "weight": 1000,
                    "name": "minecraft:splash_potion",
                    "functions": [
                        {
                            "function": "minecraft:set_nbt",
                            "tag": "{Potion:\"minecraft:slowness\"}"
                        }
                    ]
                },
                {
                    "type": "minecraft:item",
                    "weight": 700,
                    "name": "minecraft:potion",
                    "functions": [
                        {
                            "function": "minecraft:set_nbt",
                            "tag": "{Potion:\"minecraft:long_swiftness\"}"
                        }
                    ]
                },
                {
                    "type": "minecraft:item",
                    "weight": 700,
                    "name": "minecraft:potion",
                    "functions": [
                        {
                            "function": "minecraft:set_nbt",
                            "tag": "{Potion:\"minecraft:strong_swiftness\"}"
                        }
                    ]
                },
                {
                    "type": "minecraft:item",
                    "weight": 1000,
                    "name": "minecraft:potion",
                    "functions": [
                        {
                            "function": "minecraft:set_nbt",
                            "tag": "{Potion:\"minecraft:swiftness\"}"
                        }
                    ]
                },
                {
                    "type": "minecraft:item",
                    "weight": 700,
                    "name": "minecraft:potion",
                    "functions": [
                        {
                            "function": "minecraft:set_nbt",
                            "tag": "{Potion:\"minecraft:long_leaping\"}"
                        }
                    ]
                },
                {
                    "type": "minecraft:item",
                    "weight": 700,
                    "name": "minecraft:potion",
                    "functions": [
                        {
                            "function": "minecraft:set_nbt",
                            "tag": "{Potion:\"minecraft:strong_leaping\"}"
                        }
                    ]
                },
                {
                    "type": "minecraft:item",
                    "weight": 1000,
                    "name": "minecraft:potion",
                    "functions": [
                        {
                            "function": "minecraft:set_nbt",
                            "tag": "{Potion:\"minecraft:leaping\"}"
                        }
                    ]
                },
                {
                    "type": "minecraft:item",
                    "weight": 200,
                    "name": "minecraft:potion",
                    "functions": [
                        {
                            "function": "minecraft:set_nbt",
                            "tag": "{Potion:\"minecraft:long_strength\"}"
                        }
                    ]
                },
                {
                    "type": "minecraft:item",
                    "weight": 100,
                    "name": "minecraft:potion",
                    "functions": [
                        {
                            "function": "minecraft:set_nbt",
                            "tag": "{Potion:\"minecraft:strong_strength\"}"
                        }
                    ]
                },
                {
                    "type": "minecraft:item",
                    "weight": 500,
                    "name": "minecraft:potion",
                    "functions": [
                        {
                            "function": "minecraft:set_nbt",
                            "tag": "{Potion:\"minecraft:strength\"}"
                        }
                    ]
                },
                {
                    "type": "minecraft:item",
                    "weight": 200,
                    "name": "minecraft:potion",
                    "functions": [
                        {
                            "function": "minecraft:set_nbt",
                            "tag": "{Potion:\"minecraft:strong_turtle_master\"}"
                        }
                    ]
                },
                {
                    "type": "minecraft:item",
                    "weight": 700,
                    "name": "minecraft:potion",
                    "functions": [
                        {
                            "function": "minecraft:set_nbt",
                            "tag": "{Potion:\"minecraft:turtle_master\"}"
                        }
                    ]
                },
                {
                    "type": "minecraft:item",
                    "weight": 50,
                    "name": "minecraft:potion",
                    "functions": [
                        {
                            "function": "minecraft:set_nbt",
                            "tag": "{Potion:\"minecraft:invisibility\"}"
                        }
                    ]
                },
                {
                    "type": "minecraft:item",
                    "weight": 700,
                    "name": "minecraft:potion",
                    "functions": [
                        {
                            "function": "minecraft:set_nbt",
                            "tag": "{Potion:\"minecraft:long_slow_falling\"}"
                        }
                    ]
                },
                {
                    "type": "minecraft:item",
                    "weight": 1000,
                    "name": "minecraft:potion",
                    "functions": [
                        {
                            "function": "minecraft:set_nbt",
                            "tag": "{Potion:\"minecraft:slow_falling\"}"
                        }
                    ]
                }
            ]
        }
    ]
}