{
  "pools": [
    {
      "rolls": {
        "min": 1,
        "max": 3
      },
      "entries": [
        {
          "type": "minecraft:item",
          "weight": 80,
          "name": "minecraft:gold_block"
        },
        {
          "type": "minecraft:item",
          "weight": 100,
          "name": "minecraft:gold_ingot",
          "functions": [
            {
              "function": "minecraft:set_count",
              "count": {
                "min": 2,
                "max": 6
              }
            }
          ]
        },
        {
          "type": "minecraft:item",
          "weight": 5,
          "name": "minecraft:music_disc_otherside"
        },
        {
          "type": "minecraft:item",
          "weight": 80,
          "name": "minecraft:quartz",
          "functions": [
            {
              "function": "minecraft:set_count",
              "count": {
                "min": 1,
                "max": 6
              }
            }
          ]
        },
        {
          "type": "minecraft:item",
          "weight": 100,
          "name": "minecraft:book",
          "functions": [
            {
              "function": "minecraft:enchant_with_levels",
              "levels": {
                "min": 1,
                "max": 30
              },
              "treasure": true,
              "conditions": [
                {
                  "condition": "minecraft:random_chance",
                  "chance": 0.4
                }
              ]
            }
          ]
        },
        {
          "type": "minecraft:item",
          "weight": 20,
          "name": "minecraft:golden_apple"
        },
        {
          "type": "minecraft:item",
          "weight": 5,
          "name": "minecraft:enchanted_golden_apple"
        },
        {
          "type": "minecraft:item",
          "weight": 75,
          "name": "minecraft:rib_armor_trim_smithing_template",
          "functions": [
            {
              "function": "minecraft:set_count",
              "count": {
                "min": 1,
                "max": 2
              }
            }
          ]
        }
      ]
    },
    {
      "rolls": {
        "min": 4,
        "max": 6
      },
      "entries": [
        {
          "type": "minecraft:item",
          "weight": 100,
          "name": "minecraft:obsidian",
          "functions": [
            {
              "function": "minecraft:set_count",
              "count": {
                "min": 2,
                "max": 8
              }
            }
          ]
        },
        {
          "type": "minecraft:item",
          "weight": 80,
          "name": "minecraft:crying_obsidian",
          "functions": [
            {
              "function": "minecraft:set_count",
              "count": {
                "min": 2,
                "max": 8
              }
            }
          ]
        },
        {
          "type": "minecraft:item",
          "weight": 100,
          "name": "minecraft:blackstone",
          "functions": [
            {
              "function": "minecraft:set_count",
              "count": {
                "min": 6,
                "max": 12
              }
            }
          ]
        },
        {
          "type": "minecraft:item",
          "weight": 70,
          "name": "minecraft:warped_stem",
          "functions": [
            {
              "function": "minecraft:set_count",
              "count": {
                "min": 1,
                "max": 8
              }
            }
          ]
        },
        {
          "type": "minecraft:item",
          "weight": 40,
          "name": "minecraft:warped_wart_block",
          "functions": [
            {
              "function": "minecraft:set_count",
              "count": {
                "min": 1,
                "max": 8
              }
            }
          ]
        },
        {
          "type": "minecraft:item",
          "weight": 80,
          "name": "minecraft:warped_fungus",
          "functions": [
            {
              "function": "minecraft:set_count",
              "count": {
                "min": 1,
                "max": 8
              }
            }
          ]
        },
        {
          "type": "minecraft:item",
          "weight": 20,
          "name": "minecraft:warped_fungus_on_a_stick",
          "functions": [
            {
              "function": "minecraft:set_damage",
              "damage": {
                "min": 0.1,
                "max": 0.7
              }
            },
            {
              "function": "minecraft:enchant_randomly",
              "conditions": [
                {
                  "condition": "minecraft:random_chance",
                  "chance": 0.1
                }
              ]
            }
          ]
        },
        {
          "type": "minecraft:item",
          "weight": 80,
          "name": "minecraft:warped_roots",
          "functions": [
            {
              "function": "minecraft:set_count",
              "count": {
                "min": 3,
                "max": 10
              }
            }
          ]
        }
      ]
    },
    {
      "rolls": 1,
      "entries": [
        {
          "type": "minecraft:loot_table",
          "name": "minecraft:chests/ruined_portal"
        }
      ]
    }
  ]
}
